fit_time,score_time,test_score
0.15854525566101074,0.015956878662109375,0.0
0.16954612731933594,0.013960838317871094,0.0
